[
  {
    "Trademark": "Awake",
    "Parent_Company": "Awake Chocolate",
    "Manufacturer": "Awake Corporation",
    "SalesCount": "217161",
    "Price": "1.030396608",
    "Locations": "5452",
    "RetailDollars": "223761.9577",
    "Transactions": "22877497",
    "Unit_Velocity": "9.49234088",
    "Type": "Top5Rank"
  },
  {
    "Trademark": "Sabritas",
    "Parent_Company": "PepsiCo",
    "Manufacturer": "Frito-Lay",
    "SalesCount": "37003",
    "Price": "0.992863827",
    "Locations": "684",
    "RetailDollars": "36738.94017",
    "Transactions": "5098947",
    "Unit_Velocity": "7.256988551",
    "Type": "Top5Rank"
  },
  {
    "Trademark": "Baken-Ets",
    "Parent_Company": "PepsiCo",
    "Manufacturer": "Frito-Lay",
    "SalesCount": "48786",
    "Price": "1.066560904",
    "Locations": "1172",
    "RetailDollars": "52033.24028",
    "Transactions": "7022035",
    "Unit_Velocity": "6.947558649",
    "Type": "Top5Rank"
  },
  {
    "Trademark": "Cracker Jack",
    "Parent_Company": "PepsiCo",
    "Manufacturer": "Frito-Lay",
    "SalesCount": "6979",
    "Price": "1.685400482",
    "Locations": "619",
    "RetailDollars": "11762.40997",
    "Transactions": "3033928",
    "Unit_Velocity": "2.300318267",
    "Type": "Top5Rank"
  },
  {
    "Trademark": "Chester\u0027s",
    "Parent_Company": "PepsiCo",
    "Manufacturer": "Frito-Lay",
    "SalesCount": "327030",
    "Price": "1.189711558",
    "Locations": "5433",
    "RetailDollars": "389071.3709",
    "Transactions": "25514148",
    "Unit_Velocity": "12.81759438",
    "Type": "Top5Rank"
  },
  {
    "Trademark": "Frito-Lay",
    "Parent_Company": "PepsiCo",
    "Manufacturer": "Frito-Lay",
    "SalesCount": "322278",
    "Price": "0.874805793",
    "Locations": "6955",
    "RetailDollars": "281930.6613",
    "Transactions": "28124757",
    "Unit_Velocity": "11.45887234",
    "Type": "Top5Rank"
  },
  {
    "Trademark": "Funyuns",
    "Parent_Company": "PepsiCo",
    "Manufacturer": "Frito-Lay",
    "SalesCount": "628809",
    "Price": "1.140891403",
    "Locations": "13747",
    "RetailDollars": "717402.782",
    "Transactions": "58970582",
    "Unit_Velocity": "10.66309639",
    "Type": "Top5Rank"
  },
  {
    "Trademark": "Fritos",
    "Parent_Company": "PepsiCo",
    "Manufacturer": "Frito-Lay",
    "SalesCount": "1478585",
    "Price": "1.123647259",
    "Locations": "22873",
    "RetailDollars": "1661407.983",
    "Transactions": "88288692",
    "Unit_Velocity": "16.74716169",
    "Type": "Top5Rank"
  },
  {
    "Trademark": "Doritos",
    "Parent_Company": "PepsiCo",
    "Manufacturer": "Frito-Lay",
    "SalesCount": "3174598",
    "Price": "1.240604462",
    "Locations": "24665",
    "RetailDollars": "3938420.443",
    "Transactions": "91171411",
    "Unit_Velocity": "34.82010386",
    "Type": "Top5Rank"
  },
  {
    "Trademark": "Nut Harvest",
    "Parent_Company": "PepsiCo",
    "Manufacturer": "Frito-Lay",
    "SalesCount": "75145",
    "Price": "2.601364692",
    "Locations": "4055",
    "RetailDollars": "195479.5498",
    "Transactions": "17292690",
    "Unit_Velocity": "4.345477771",
    "Type": "Top5Rank"
  },
  {
    "Trademark": "Ruffles",
    "Parent_Company": "PepsiCo",
    "Manufacturer": "Frito-Lay",
    "SalesCount": "1763497",
    "Price": "1.212759258",
    "Locations": "23360",
    "RetailDollars": "2138697.313",
    "Transactions": "89464497",
    "Unit_Velocity": "19.71169636",
    "Type": "Top5Rank"
  },
  {
    "Trademark": "TBE",
    "Parent_Company": "PepsiCo",
    "Manufacturer": "Frito-Lay",
    "SalesCount": "20534",
    "Price": "1.392640997",
    "Locations": "1517",
    "RetailDollars": "28596.49023",
    "Transactions": "8358391",
    "Unit_Velocity": "2.456692921",
    "Type": "Top5Rank"
  },
  {
    "Trademark": "SunChips",
    "Parent_Company": "PepsiCo",
    "Manufacturer": "Frito-Lay",
    "SalesCount": "887676",
    "Price": "1.127668861",
    "Locations": "18588",
    "RetailDollars": "1001004.583",
    "Transactions": "70460288",
    "Unit_Velocity": "12.59824541",
    "Type": "Top5Rank"
  },
  {
    "Trademark": "Munchies",
    "Parent_Company": "PepsiCo",
    "Manufacturer": "Frito-Lay",
    "SalesCount": "320297",
    "Price": "1.094286805",
    "Locations": "10243",
    "RetailDollars": "350496.7807",
    "Transactions": "45602525",
    "Unit_Velocity": "7.023668097",
    "Type": "Top5Rank"
  },
  {
    "Trademark": "Stacy\u0027s",
    "Parent_Company": "PepsiCo",
    "Manufacturer": "Frito-Lay",
    "SalesCount": "20854",
    "Price": "1.447612928",
    "Locations": "1805",
    "RetailDollars": "30188.52001",
    "Transactions": "8432045",
    "Unit_Velocity": "2.473184145",
    "Type": "Top5Rank"
  },
  {
    "Trademark": "Cheetos",
    "Parent_Company": "PepsiCo",
    "Manufacturer": "Frito-Lay",
    "SalesCount": "2407774",
    "Price": "1.170912746",
    "Locations": "23991",
    "RetailDollars": "2819293.265",
    "Transactions": "90307672",
    "Unit_Velocity": "26.66189867",
    "Type": "Top5Rank"
  },
  {
    "Trademark": "Miss Vickies",
    "Parent_Company": "PepsiCo",
    "Manufacturer": "Frito-Lay",
    "SalesCount": "158185",
    "Price": "1.18568316",
    "Locations": "3733",
    "RetailDollars": "187557.2907",
    "Transactions": "17247339",
    "Unit_Velocity": "9.17155974",
    "Type": "Top5Rank"
  },
  {
    "Trademark": "Grandma\u0027s",
    "Parent_Company": "PepsiCo",
    "Manufacturer": "Frito-Lay",
    "SalesCount": "832776",
    "Price": "1.223512773",
    "Locations": "19296",
    "RetailDollars": "1018912.073",
    "Transactions": "79517689",
    "Unit_Velocity": "10.47283957",
    "Type": "Top5Rank"
  },
  {
    "Trademark": "Rold Gold",
    "Parent_Company": "PepsiCo",
    "Manufacturer": "Frito-Lay",
    "SalesCount": "140969",
    "Price": "1.353944349",
    "Locations": "6042",
    "RetailDollars": "190864.1809",
    "Transactions": "28275754",
    "Unit_Velocity": "4.985508079",
    "Type": "Top5Rank"
  },
  {
    "Trademark": "Lay\u0027s",
    "Parent_Company": "PepsiCo",
    "Manufacturer": "Frito-Lay",
    "SalesCount": "3093222",
    "Price": "1.157279879",
    "Locations": "24430",
    "RetailDollars": "3579723.583",
    "Transactions": "91039526",
    "Unit_Velocity": "33.97669272",
    "Type": "Top5Rank"
  },
  {
    "Trademark": "Tostitos",
    "Parent_Company": "PepsiCo",
    "Manufacturer": "Frito-Lay",
    "SalesCount": "878744",
    "Price": "1.492147123",
    "Locations": "14187",
    "RetailDollars": "1311215.332",
    "Transactions": "53964589",
    "Unit_Velocity": "16.28371523",
    "Type": "Top5Rank"
  },
  {
    "Trademark": "Smartfood",
    "Parent_Company": "PepsiCo",
    "Manufacturer": "Frito-Lay",
    "SalesCount": "395850",
    "Price": "1.233570749",
    "Locations": "15905",
    "RetailDollars": "488308.9808",
    "Transactions": "61388582",
    "Unit_Velocity": "6.44826753",
    "Type": "Top5Rank"
  },
  {
    "Trademark": "Sabritones",
    "Parent_Company": "PepsiCo",
    "Manufacturer": "Frito-Lay",
    "SalesCount": "5962",
    "Price": "1.628606171",
    "Locations": "194",
    "RetailDollars": "9709.749989",
    "Transactions": "1282264",
    "Unit_Velocity": "4.64958854",
    "Type": "Top5Rank"
  },
  {
    "Trademark": "Off the Eaten Path",
    "Parent_Company": "PepsiCo",
    "Manufacturer": "Frito-Lay",
    "SalesCount": "379",
    "Price": "2.354221665",
    "Locations": "118",
    "RetailDollars": "892.2500111",
    "Transactions": "310713",
    "Unit_Velocity": "1.219775162",
    "Type": "Top5Rank"
  },
  {
    "Trademark": "Kevita",
    "Parent_Company": "PepsiCo",
    "Manufacturer": "KeVita",
    "SalesCount": "6650",
    "Price": "3.648057158",
    "Locations": "468",
    "RetailDollars": "24259.5801",
    "Transactions": "1852660",
    "Unit_Velocity": "3.589433571",
    "Type": "Top5Rank"
  },
  {
    "Trademark": "Minute Maid",
    "Parent_Company": "PepsiCo",
    "Manufacturer": "Minute Maid",
    "SalesCount": "628",
    "Price": "3.257117798",
    "Locations": "105",
    "RetailDollars": "2045.469977",
    "Transactions": "706392",
    "Unit_Velocity": "0.889024791",
    "Type": "Top5Rank"
  },
  {
    "Trademark": "TBE",
    "Parent_Company": "PepsiCo",
    "Manufacturer": "Naked Juice",
    "SalesCount": "2672",
    "Price": "3.571276174",
    "Locations": "178",
    "RetailDollars": "9542.449936",
    "Transactions": "653984",
    "Unit_Velocity": "4.085726868",
    "Type": "Top5Rank"
  },
  {
    "Trademark": "Naked",
    "Parent_Company": "PepsiCo",
    "Manufacturer": "Naked Juice",
    "SalesCount": "159492",
    "Price": "3.769355258",
    "Locations": "4678",
    "RetailDollars": "601182.0088",
    "Transactions": "22269154",
    "Unit_Velocity": "7.162014327",
    "Type": "Top5Rank"
  },
  {
    "Trademark": "Muscle Milk",
    "Parent_Company": "PepsiCo",
    "Manufacturer": "Pepsi/Cytosport",
    "SalesCount": "33023",
    "Price": "4.158825369",
    "Locations": "1521",
    "RetailDollars": "137336.8901",
    "Transactions": "9191781",
    "Unit_Velocity": "3.5926661",
    "Type": "Top5Rank"
  },
  {
    "Trademark": "Dole",
    "Parent_Company": "PepsiCo",
    "Manufacturer": "PepsiCo",
    "SalesCount": "589682",
    "Price": "1.910879291",
    "Locations": "10700",
    "RetailDollars": "1126811.122",
    "Transactions": "47180335",
    "Unit_Velocity": "12.49846997",
    "Type": "Top5Rank"
  },
  {
    "Trademark": "Pepsi",
    "Parent_Company": "PepsiCo",
    "Manufacturer": "PepsiCo",
    "SalesCount": "3592684",
    "Price": "1.425069261",
    "Locations": "23548",
    "RetailDollars": "5119823.531",
    "Transactions": "88367631",
    "Unit_Velocity": "40.65610857",
    "Type": "Top5Rank"
  },
  {
    "Trademark": "Lipton",
    "Parent_Company": "PepsiCo",
    "Manufacturer": "PepsiCo",
    "SalesCount": "1451715",
    "Price": "1.803199761",
    "Locations": "19338",
    "RetailDollars": "2617732.141",
    "Transactions": "78623092",
    "Unit_Velocity": "18.46423186",
    "Type": "Top5Rank"
  },
  {
    "Trademark": "Starbucks",
    "Parent_Company": "PepsiCo",
    "Manufacturer": "PepsiCo",
    "SalesCount": "1529187",
    "Price": "3.441369622",
    "Locations": "19233",
    "RetailDollars": "5262497.689",
    "Transactions": "76860175",
    "Unit_Velocity": "19.89570021",
    "Type": "Top5Rank"
  },
  {
    "Trademark": "Mist",
    "Parent_Company": "PepsiCo",
    "Manufacturer": "PepsiCo",
    "SalesCount": "3001",
    "Price": "0.74786405",
    "Locations": "113",
    "RetailDollars": "2244.340013",
    "Transactions": "711802",
    "Unit_Velocity": "4.216060084",
    "Type": "Top5Rank"
  },
  {
    "Trademark": "Bubly",
    "Parent_Company": "PepsiCo",
    "Manufacturer": "PepsiCo",
    "SalesCount": "139312",
    "Price": "1.171245195",
    "Locations": "7553",
    "RetailDollars": "163168.5105",
    "Transactions": "30401131",
    "Unit_Velocity": "4.582461093",
    "Type": "Top5Rank"
  },
  {
    "Trademark": "Sierra Mist",
    "Parent_Company": "PepsiCo",
    "Manufacturer": "PepsiCo",
    "SalesCount": "23454",
    "Price": "1.465240474",
    "Locations": "1252",
    "RetailDollars": "34365.75008",
    "Transactions": "6581432",
    "Unit_Velocity": "3.563662133",
    "Type": "Top5Rank"
  },
  {
    "Trademark": "TBE",
    "Parent_Company": "PepsiCo",
    "Manufacturer": "PepsiCo",
    "SalesCount": "56157",
    "Price": "2.112784521",
    "Locations": "2443",
    "RetailDollars": "118647.6403",
    "Transactions": "12701466",
    "Unit_Velocity": "4.421300659",
    "Type": "Top5Rank"
  },
  {
    "Trademark": "Brisk",
    "Parent_Company": "PepsiCo",
    "Manufacturer": "PepsiCo",
    "SalesCount": "222345",
    "Price": "1.353346828",
    "Locations": "5218",
    "RetailDollars": "300909.9006",
    "Transactions": "25939921",
    "Unit_Velocity": "8.571537284",
    "Type": "Top5Rank"
  },
  {
    "Trademark": "Mug",
    "Parent_Company": "PepsiCo",
    "Manufacturer": "PepsiCo",
    "SalesCount": "103927",
    "Price": "1.441871986",
    "Locations": "3237",
    "RetailDollars": "149849.4299",
    "Transactions": "17012750",
    "Unit_Velocity": "6.108771363",
    "Type": "Top5Rank"
  },
  {
    "Trademark": "Ocean Spray",
    "Parent_Company": "PepsiCo",
    "Manufacturer": "PepsiCo",
    "SalesCount": "156672",
    "Price": "2.046183819",
    "Locations": "5542",
    "RetailDollars": "320579.7114",
    "Transactions": "28089890",
    "Unit_Velocity": "5.577522731",
    "Type": "Top5Rank"
  },
  {
    "Trademark": "Lifewtr",
    "Parent_Company": "PepsiCo",
    "Manufacturer": "PepsiCo",
    "SalesCount": "268270",
    "Price": "2.057510925",
    "Locations": "7352",
    "RetailDollars": "551968.4557",
    "Transactions": "32613978",
    "Unit_Velocity": "8.225614183",
    "Type": "Top5Rank"
  },
  {
    "Trademark": "Twister",
    "Parent_Company": "PepsiCo",
    "Manufacturer": "PepsiCo",
    "SalesCount": "11059",
    "Price": "1.597349674",
    "Locations": "169",
    "RetailDollars": "17665.09005",
    "Transactions": "866810",
    "Unit_Velocity": "12.75827459",
    "Type": "Top5Rank"
  },
  {
    "Trademark": "Aquafina",
    "Parent_Company": "PepsiCo",
    "Manufacturer": "PepsiCo",
    "SalesCount": "1325836",
    "Price": "1.364636563",
    "Locations": "17663",
    "RetailDollars": "1809284.282",
    "Transactions": "70194203",
    "Unit_Velocity": "18.88811246",
    "Type": "Top5Rank"
  },
  {
    "Trademark": "Pure Leaf",
    "Parent_Company": "PepsiCo",
    "Manufacturer": "PepsiCo",
    "SalesCount": "2820",
    "Price": "2.794475164",
    "Locations": "123",
    "RetailDollars": "7880.419962",
    "Transactions": "517577",
    "Unit_Velocity": "5.448464673",
    "Type": "Top5Rank"
  },
  {
    "Trademark": "Mountain Dew",
    "Parent_Company": "PepsiCo",
    "Manufacturer": "PepsiCo",
    "SalesCount": "7304810",
    "Price": "1.493951545",
    "Locations": "24010",
    "RetailDollars": "10913032.19",
    "Transactions": "89299801",
    "Unit_Velocity": "81.80096616",
    "Type": "Top5Rank"
  },
  {
    "Trademark": "Starbucks",
    "Parent_Company": "PepsiCo",
    "Manufacturer": "PepsiCo Canada",
    "SalesCount": "27349",
    "Price": "3.759708599",
    "Locations": "638",
    "RetailDollars": "102824.2705",
    "Transactions": "1761876",
    "Unit_Velocity": "15.5226588",
    "Type": "Top5Rank"
  },
  {
    "Trademark": "Pure Leaf",
    "Parent_Company": "PepsiCo",
    "Manufacturer": "PepsiCo Canada",
    "SalesCount": "15451",
    "Price": "2.736310967",
    "Locations": "414",
    "RetailDollars": "42278.74075",
    "Transactions": "827045",
    "Unit_Velocity": "18.6821757",
    "Type": "Top5Rank"
  },
  {
    "Trademark": "Mountain Dew",
    "Parent_Company": "PepsiCo",
    "Manufacturer": "PepsiCo Canada",
    "SalesCount": "17786",
    "Price": "2.19745751",
    "Locations": "456",
    "RetailDollars": "39083.97927",
    "Transactions": "971874",
    "Unit_Velocity": "18.30072623",
    "Type": "Top5Rank"
  },
  {
    "Trademark": "Bubly",
    "Parent_Company": "PepsiCo",
    "Manufacturer": "PepsiCo Canada",
    "SalesCount": "8090",
    "Price": "1.626694684",
    "Locations": "375",
    "RetailDollars": "13159.95999",
    "Transactions": "897554",
    "Unit_Velocity": "9.013385267",
    "Type": "Top5Rank"
  },
  {
    "Trademark": "Pepsi",
    "Parent_Company": "PepsiCo",
    "Manufacturer": "PepsiCo Canada",
    "SalesCount": "46926",
    "Price": "1.930528659",
    "Locations": "530",
    "RetailDollars": "90591.98787",
    "Transactions": "980737",
    "Unit_Velocity": "47.84769005",
    "Type": "Top5Rank"
  },
  {
    "Trademark": "Aquafina",
    "Parent_Company": "PepsiCo",
    "Manufacturer": "PepsiCo Canada",
    "SalesCount": "12039",
    "Price": "2.092423748",
    "Locations": "382",
    "RetailDollars": "25190.68951",
    "Transactions": "725526",
    "Unit_Velocity": "16.59347839",
    "Type": "Top5Rank"
  },
  {
    "Trademark": "TBE",
    "Parent_Company": "PepsiCo",
    "Manufacturer": "PepsiCo Canada - Quaker Oats",
    "SalesCount": "2632",
    "Price": "1.64878421",
    "Locations": "222",
    "RetailDollars": "4339.60004",
    "Transactions": "736981",
    "Unit_Velocity": "3.571326805",
    "Type": "Top5Rank"
  },
  {
    "Trademark": "Gatorade",
    "Parent_Company": "PepsiCo",
    "Manufacturer": "PepsiCo Canada - Quaker Oats",
    "SalesCount": "26715",
    "Price": "2.295527631",
    "Locations": "541",
    "RetailDollars": "61325.02065",
    "Transactions": "1163737",
    "Unit_Velocity": "22.95621777",
    "Type": "Top5Rank"
  },
  {
    "Trademark": "G2",
    "Parent_Company": "PepsiCo",
    "Manufacturer": "PepsiCo Canada - Quaker Oats",
    "SalesCount": "9109",
    "Price": "2.213547058",
    "Locations": "383",
    "RetailDollars": "20163.20015",
    "Transactions": "954844",
    "Unit_Velocity": "9.539778226",
    "Type": "Top5Rank"
  },
  {
    "Trademark": "TBE",
    "Parent_Company": "PepsiCo",
    "Manufacturer": "PepsiCo Foods Canada - Frito Lay/Quaker Oats",
    "SalesCount": "17640",
    "Price": "1.773771559",
    "Locations": "587",
    "RetailDollars": "31289.33029",
    "Transactions": "1327901",
    "Unit_Velocity": "13.28412284",
    "Type": "Top5Rank"
  },
  {
    "Trademark": "Smartfood",
    "Parent_Company": "PepsiCo",
    "Manufacturer": "PepsiCo Foods Canada - Frito Lay/Quaker Oats",
    "SalesCount": "7279",
    "Price": "1.803908515",
    "Locations": "472",
    "RetailDollars": "13130.65008",
    "Transactions": "1020429",
    "Unit_Velocity": "7.133274339",
    "Type": "Top5Rank"
  },
  {
    "Trademark": "Lay\u0027s",
    "Parent_Company": "PepsiCo",
    "Manufacturer": "PepsiCo Foods Canada - Frito Lay/Quaker Oats",
    "SalesCount": "46949",
    "Price": "1.70185543",
    "Locations": "658",
    "RetailDollars": "79900.41057",
    "Transactions": "1286374",
    "Unit_Velocity": "36.49716179",
    "Type": "Top5Rank"
  },
  {
    "Trademark": "Rold Gold",
    "Parent_Company": "PepsiCo",
    "Manufacturer": "PepsiCo Foods Canada - Frito Lay/Quaker Oats",
    "SalesCount": "1919",
    "Price": "1.463720704",
    "Locations": "198",
    "RetailDollars": "2808.88003",
    "Transactions": "513738",
    "Unit_Velocity": "3.735367055",
    "Type": "Top5Rank"
  },
  {
    "Trademark": "Doritos",
    "Parent_Company": "PepsiCo",
    "Manufacturer": "PepsiCo Foods Canada - Frito Lay/Quaker Oats",
    "SalesCount": "41561",
    "Price": "1.782900803",
    "Locations": "656",
    "RetailDollars": "74099.14029",
    "Transactions": "1285023",
    "Unit_Velocity": "32.34261177",
    "Type": "Top5Rank"
  },
  {
    "Trademark": "Munchies",
    "Parent_Company": "PepsiCo",
    "Manufacturer": "PepsiCo Foods Canada - Frito Lay/Quaker Oats",
    "SalesCount": "10206",
    "Price": "1.422895356",
    "Locations": "453",
    "RetailDollars": "14522.07001",
    "Transactions": "951597",
    "Unit_Velocity": "10.72512839",
    "Type": "Top5Rank"
  },
  {
    "Trademark": "Fritos",
    "Parent_Company": "PepsiCo",
    "Manufacturer": "PepsiCo Foods Canada - Frito Lay/Quaker Oats",
    "SalesCount": "10883",
    "Price": "1.473101179",
    "Locations": "511",
    "RetailDollars": "16031.76014",
    "Transactions": "1132555",
    "Unit_Velocity": "9.60924635",
    "Type": "Top5Rank"
  },
  {
    "Trademark": "Ruffles",
    "Parent_Company": "PepsiCo",
    "Manufacturer": "PepsiCo Foods Canada - Frito Lay/Quaker Oats",
    "SalesCount": "25516",
    "Price": "1.769105669",
    "Locations": "634",
    "RetailDollars": "45140.50026",
    "Transactions": "1278903",
    "Unit_Velocity": "19.95147404",
    "Type": "Top5Rank"
  },
  {
    "Trademark": "Miss Vickies",
    "Parent_Company": "PepsiCo",
    "Manufacturer": "PepsiCo Foods Canada - Frito Lay/Quaker Oats",
    "SalesCount": "20601",
    "Price": "1.497273933",
    "Locations": "556",
    "RetailDollars": "30845.34029",
    "Transactions": "1201616",
    "Unit_Velocity": "17.14441219",
    "Type": "Top5Rank"
  },
  {
    "Trademark": "Cheetos",
    "Parent_Company": "PepsiCo",
    "Manufacturer": "PepsiCo Foods Canada - Frito Lay/Quaker Oats",
    "SalesCount": "7213",
    "Price": "1.423934578",
    "Locations": "271",
    "RetailDollars": "10270.84011",
    "Transactions": "744164",
    "Unit_Velocity": "9.692755898",
    "Type": "Top5Rank"
  },
  {
    "Trademark": "Sunchips",
    "Parent_Company": "PepsiCo",
    "Manufacturer": "PepsiCo Foods Canada - Frito Lay/Quaker Oats",
    "SalesCount": "18155",
    "Price": "1.625737275",
    "Locations": "584",
    "RetailDollars": "29515.26023",
    "Transactions": "1266731",
    "Unit_Velocity": "14.33216681",
    "Type": "Top5Rank"
  },
  {
    "Trademark": "TBE",
    "Parent_Company": "PepsiCo",
    "Manufacturer": "Quaker Oats",
    "SalesCount": "1540",
    "Price": "1.921480521",
    "Locations": "221",
    "RetailDollars": "2959.080003",
    "Transactions": "1199468",
    "Unit_Velocity": "1.28390253",
    "Type": "Top5Rank"
  },
  {
    "Trademark": "Cap\u0027n Crunch",
    "Parent_Company": "PepsiCo",
    "Manufacturer": "Quaker Oats",
    "SalesCount": "5254",
    "Price": "1.797417209",
    "Locations": "762",
    "RetailDollars": "9443.630016",
    "Transactions": "4800399",
    "Unit_Velocity": "1.094492354",
    "Type": "Top5Rank"
  },
  {
    "Trademark": "Quaker",
    "Parent_Company": "PepsiCo",
    "Manufacturer": "Quaker Oats",
    "SalesCount": "178029",
    "Price": "1.500198285",
    "Locations": "12053",
    "RetailDollars": "267078.8004",
    "Transactions": "56469774",
    "Unit_Velocity": "3.152642332",
    "Type": "Top5Rank"
  },
  {
    "Trademark": "G2",
    "Parent_Company": "PepsiCo",
    "Manufacturer": "Quaker Oats/Gatorade",
    "SalesCount": "89482",
    "Price": "1.738215503",
    "Locations": "2323",
    "RetailDollars": "155538.9996",
    "Transactions": "13088384",
    "Unit_Velocity": "6.836749289",
    "Type": "Top5Rank"
  },
  {
    "Trademark": "TBE",
    "Parent_Company": "PepsiCo",
    "Manufacturer": "Quaker Oats/Gatorade",
    "SalesCount": "14861",
    "Price": "2.255048149",
    "Locations": "1674",
    "RetailDollars": "33512.27054",
    "Transactions": "9829379",
    "Unit_Velocity": "1.511896123",
    "Type": "Top5Rank"
  },
  {
    "Trademark": "Gatorade",
    "Parent_Company": "PepsiCo",
    "Manufacturer": "Quaker Oats/Gatorade",
    "SalesCount": "3182519",
    "Price": "1.876207558",
    "Locations": "21392",
    "RetailDollars": "5971066.201",
    "Transactions": "84258106",
    "Unit_Velocity": "37.77107214",
    "Type": "Top5Rank"
  },
  {
    "Trademark": "Propel",
    "Parent_Company": "PepsiCo",
    "Manufacturer": "Quaker Oats/Gatorade",
    "SalesCount": "174879",
    "Price": "2.014417393",
    "Locations": "4250",
    "RetailDollars": "352279.2993",
    "Transactions": "20272319",
    "Unit_Velocity": "8.626492115",
    "Type": "Top5Rank"
  },
  {
    "Trademark": "TBE",
    "Parent_Company": "PepsiCo",
    "Manufacturer": "Rockstar",
    "SalesCount": "360040",
    "Price": "2.774132012",
    "Locations": "6598",
    "RetailDollars": "998798.4897",
    "Transactions": "34879377",
    "Unit_Velocity": "10.32243208",
    "Type": "Top5Rank"
  },
  {
    "Trademark": "Rockstar",
    "Parent_Company": "PepsiCo",
    "Manufacturer": "Rockstar",
    "SalesCount": "11393",
    "Price": "3.311448283",
    "Locations": "886",
    "RetailDollars": "37727.33029",
    "Transactions": "3476064",
    "Unit_Velocity": "3.277557605",
    "Type": "Top5Rank"
  },
  {
    "Trademark": "Sabra",
    "Parent_Company": "PepsiCo",
    "Manufacturer": "Sabra Dipping Co",
    "SalesCount": "107155",
    "Price": "3.276142883",
    "Locations": "8054",
    "RetailDollars": "351055.0906",
    "Transactions": "36847331",
    "Unit_Velocity": "2.908080371",
    "Type": "Top5Rank"
  },
  {
    "Trademark": "SoBe",
    "Parent_Company": "PepsiCo",
    "Manufacturer": "South Beach Beverage",
    "SalesCount": "14064",
    "Price": "2.17953569",
    "Locations": "864",
    "RetailDollars": "30652.98995",
    "Transactions": "4065716",
    "Unit_Velocity": "3.459169307",
    "Type": "Top5Rank"
  },
  {
    "Trademark": "TBE",
    "Parent_Company": "PepsiCo",
    "Manufacturer": "TBE",
    "SalesCount": "155755",
    "Price": "1.579270138",
    "Locations": "6591",
    "RetailDollars": "245979.2204",
    "Transactions": "31508327",
    "Unit_Velocity": "4.943296418",
    "Type": "Top5Rank"
  },
  {
    "Trademark": "Tropicana",
    "Parent_Company": "PepsiCo",
    "Manufacturer": "Tropicana Products",
    "SalesCount": "173111",
    "Price": "2.035032662",
    "Locations": "3083",
    "RetailDollars": "352286.5391",
    "Transactions": "13896919",
    "Unit_Velocity": "12.45678988",
    "Type": "Top5Rank"
  }
]
